temp_index	temp	path	dtype
0	3	/home/gijs/Documents/VaihbavCrystals/runs/d24_uniform_ordered/omega_T000.bin	uint16
1	2.9500000000000002	/home/gijs/Documents/VaihbavCrystals/runs/d24_uniform_ordered/omega_T001.bin	uint16
2	2.8999999999999999	/home/gijs/Documents/VaihbavCrystals/runs/d24_uniform_ordered/omega_T002.bin	uint16
3	2.8500000000000001	/home/gijs/Documents/VaihbavCrystals/runs/d24_uniform_ordered/omega_T003.bin	uint16
4	2.7999999999999998	/home/gijs/Documents/VaihbavCrystals/runs/d24_uniform_ordered/omega_T004.bin	uint16
5	2.75	/home/gijs/Documents/VaihbavCrystals/runs/d24_uniform_ordered/omega_T005.bin	uint16
6	2.7000000000000002	/home/gijs/Documents/VaihbavCrystals/runs/d24_uniform_ordered/omega_T006.bin	uint16
7	2.6499999999999999	/home/gijs/Documents/VaihbavCrystals/runs/d24_uniform_ordered/omega_T007.bin	uint16
8	2.6000000000000001	/home/gijs/Documents/VaihbavCrystals/runs/d24_uniform_ordered/omega_T008.bin	uint16
9	2.5499999999999998	/home/gijs/Documents/VaihbavCrystals/runs/d24_uniform_ordered/omega_T009.bin	uint16
10	2.5	/home/gijs/Documents/VaihbavCrystals/runs/d24_uniform_ordered/omega_T010.bin	uint16
11	2.4500000000000002	/home/gijs/Documents/VaihbavCrystals/runs/d24_uniform_ordered/omega_T011.bin	uint16
12	2.3999999999999999	/home/gijs/Documents/VaihbavCrystals/runs/d24_uniform_ordered/omega_T012.bin	uint16
13	2.3500000000000001	/home/gijs/Documents/VaihbavCrystals/runs/d24_uniform_ordered/omega_T013.bin	uint16
14	2.2999999999999998	/home/gijs/Documents/VaihbavCrystals/runs/d24_uniform_ordered/omega_T014.bin	uint16
15	2.25	/home/gijs/Documents/VaihbavCrystals/runs/d24_uniform_ordered/omega_T015.bin	uint16
16	2.2000000000000002	/home/gijs/Documents/VaihbavCrystals/runs/d24_uniform_ordered/omega_T016.bin	uint16
17	2.1499999999999999	/home/gijs/Documents/VaihbavCrystals/runs/d24_uniform_ordered/omega_T017.bin	uint16
18	2.1000000000000001	/home/gijs/Documents/VaihbavCrystals/runs/d24_uniform_ordered/omega_T018.bin	uint16
19	2.0499999999999998	/home/gijs/Documents/VaihbavCrystals/runs/d24_uniform_ordered/omega_T019.bin	uint16
20	2	/home/gijs/Documents/VaihbavCrystals/runs/d24_uniform_ordered/omega_T020.bin	uint16
21	1.95	/home/gijs/Documents/VaihbavCrystals/runs/d24_uniform_ordered/omega_T021.bin	uint16
22	1.8999999999999999	/home/gijs/Documents/VaihbavCrystals/runs/d24_uniform_ordered/omega_T022.bin	uint16
23	1.8500000000000001	/home/gijs/Documents/VaihbavCrystals/runs/d24_uniform_ordered/omega_T023.bin	uint16
24	1.8	/home/gijs/Documents/VaihbavCrystals/runs/d24_uniform_ordered/omega_T024.bin	uint16
25	1.75	/home/gijs/Documents/VaihbavCrystals/runs/d24_uniform_ordered/omega_T025.bin	uint16
26	1.7	/home/gijs/Documents/VaihbavCrystals/runs/d24_uniform_ordered/omega_T026.bin	uint16
27	1.6499999999999999	/home/gijs/Documents/VaihbavCrystals/runs/d24_uniform_ordered/omega_T027.bin	uint16
28	1.6000000000000001	/home/gijs/Documents/VaihbavCrystals/runs/d24_uniform_ordered/omega_T028.bin	uint16
29	1.55	/home/gijs/Documents/VaihbavCrystals/runs/d24_uniform_ordered/omega_T029.bin	uint16
30	1.5	/home/gijs/Documents/VaihbavCrystals/runs/d24_uniform_ordered/omega_T030.bin	uint16
31	1.45	/home/gijs/Documents/VaihbavCrystals/runs/d24_uniform_ordered/omega_T031.bin	uint16
32	1.3999999999999999	/home/gijs/Documents/VaihbavCrystals/runs/d24_uniform_ordered/omega_T032.bin	uint16
33	1.3500000000000001	/home/gijs/Documents/VaihbavCrystals/runs/d24_uniform_ordered/omega_T033.bin	uint16
34	1.3	/home/gijs/Documents/VaihbavCrystals/runs/d24_uniform_ordered/omega_T034.bin	uint16
35	1.25	/home/gijs/Documents/VaihbavCrystals/runs/d24_uniform_ordered/omega_T035.bin	uint16
36	1.2	/home/gijs/Documents/VaihbavCrystals/runs/d24_uniform_ordered/omega_T036.bin	uint16
37	1.1499999999999999	/home/gijs/Documents/VaihbavCrystals/runs/d24_uniform_ordered/omega_T037.bin	uint16
38	1.1000000000000001	/home/gijs/Documents/VaihbavCrystals/runs/d24_uniform_ordered/omega_T038.bin	uint16
39	1.05	/home/gijs/Documents/VaihbavCrystals/runs/d24_uniform_ordered/omega_T039.bin	uint16
40	1	/home/gijs/Documents/VaihbavCrystals/runs/d24_uniform_ordered/omega_T040.bin	uint16
41	0.94999999999999996	/home/gijs/Documents/VaihbavCrystals/runs/d24_uniform_ordered/omega_T041.bin	uint16
42	0.90000000000000002	/home/gijs/Documents/VaihbavCrystals/runs/d24_uniform_ordered/omega_T042.bin	uint16
43	0.84999999999999998	/home/gijs/Documents/VaihbavCrystals/runs/d24_uniform_ordered/omega_T043.bin	uint16
44	0.80000000000000004	/home/gijs/Documents/VaihbavCrystals/runs/d24_uniform_ordered/omega_T044.bin	uint16
45	0.75	/home/gijs/Documents/VaihbavCrystals/runs/d24_uniform_ordered/omega_T045.bin	uint16
46	0.69999999999999996	/home/gijs/Documents/VaihbavCrystals/runs/d24_uniform_ordered/omega_T046.bin	uint16
47	0.65000000000000002	/home/gijs/Documents/VaihbavCrystals/runs/d24_uniform_ordered/omega_T047.bin	uint16
48	0.59999999999999998	/home/gijs/Documents/VaihbavCrystals/runs/d24_uniform_ordered/omega_T048.bin	uint16
49	0.55000000000000004	/home/gijs/Documents/VaihbavCrystals/runs/d24_uniform_ordered/omega_T049.bin	uint16
50	0.5	/home/gijs/Documents/VaihbavCrystals/runs/d24_uniform_ordered/omega_T050.bin	uint16
51	0.45000000000000001	/home/gijs/Documents/VaihbavCrystals/runs/d24_uniform_ordered/omega_T051.bin	uint16
52	0.40000000000000002	/home/gijs/Documents/VaihbavCrystals/runs/d24_uniform_ordered/omega_T052.bin	uint16
53	0.34999999999999998	/home/gijs/Documents/VaihbavCrystals/runs/d24_uniform_ordered/omega_T053.bin	uint16
54	0.29999999999999999	/home/gijs/Documents/VaihbavCrystals/runs/d24_uniform_ordered/omega_T054.bin	uint16
55	0.25	/home/gijs/Documents/VaihbavCrystals/runs/d24_uniform_ordered/omega_T055.bin	uint16
56	0.20000000000000001	/home/gijs/Documents/VaihbavCrystals/runs/d24_uniform_ordered/omega_T056.bin	uint16
57	0.14999999999999999	/home/gijs/Documents/VaihbavCrystals/runs/d24_uniform_ordered/omega_T057.bin	uint16
58	0.10000000000000001	/home/gijs/Documents/VaihbavCrystals/runs/d24_uniform_ordered/omega_T058.bin	uint16
59	0.050000000000000003	/home/gijs/Documents/VaihbavCrystals/runs/d24_uniform_ordered/omega_T059.bin	uint16
