temp_index	temp	temp_over_lam1	q_rand	xi	m1_sq	m1w_sq	q_1	G_1	q_2	G_2	q_3	G_3	q_4	G_4	q_5	G_5	q_6	G_6	q_7	G_7	q_8	G_8	q_9	G_9	q_10	G_10	q_11	G_11	q_12	G_12	q_13	G_13	q_14	G_14
0	8.399999999999999	0.6999999999999998	0.007751937984496124	nan	0.0008532404899597168	0.10921478271484375	0.0082	0.00044806201550387677	0.007	-0.0007519379844961238	0.0077	-5.1937984496123676e-05	0.0077	-5.1937984496123676e-05	0.0077	-5.1937984496123676e-05	0.009	0.0012480620155038754	0.0082	0.00044806201550387677	0.0068	-0.0009519379844961243	0.0075	-0.0002519379844961242	0.0077	-5.1937984496123676e-05	0.0069	-0.000851937984496124	0.0089	0.001148062015503876	0.0089	0.001148062015503876	0.0077	-5.1937984496123676e-05
1	6.6000000000000005	0.55	0.007751937984496124	nan	0.00087013840675354	0.11137771606445312	0.0085	0.0007480620155038767	0.0073	-0.00045193798449612386	0.0054	-0.0023519379844961236	0.0076	-0.00015193798449612394	0.0077	-5.1937984496123676e-05	0.0082	0.00044806201550387677	0.0072	-0.0005519379844961241	0.0092	0.001448062015503876	0.0086	0.0008480620155038761	0.0064	-0.0013519379844961236	0.0067	-0.0010519379844961237	0.0095	0.0017480620155038758	0.008	0.00024806201550387624	0.0085	0.0007480620155038767
2	4.800000000000001	0.4000000000000001	0.007751937984496124	nan	0.0008633434772491455	0.11050796508789062	0.0098	0.0020480620155038758	0.0099	0.002148062015503877	0.0084	0.0006480620155038756	0.0073	-0.00045193798449612386	0.0084	0.0006480620155038756	0.0081	0.00034806201550387564	0.0091	0.0013480620155038765	0.0086	0.0008480620155038761	0.0079	0.00014806201550387685	0.0076	-0.00015193798449612394	0.0086	0.0008480620155038761	0.0072	-0.0005519379844961241	0.0079	0.00014806201550387685	0.0076	-0.00015193798449612394
3	3.5999999999999996	0.3	0.007751937984496124	nan	0.0008381903171539307	0.10728836059570312	0.0105	0.0027480620155038767	0.0081	0.00034806201550387564	0.0073	-0.00045193798449612386	0.0069	-0.000851937984496124	0.0071	-0.0006519379844961235	0.0073	-0.00045193798449612386	0.0088	0.0010480620155038766	0.0072	-0.0005519379844961241	0.0081	0.00034806201550387564	0.0089	0.001148062015503876	0.0078	4.806201550387572e-05	0.0068	-0.0009519379844961243	0.0088	0.0010480620155038766	0.0076	-0.00015193798449612394
4	3.0	0.25	0.007751937984496124	nan	0.0008950233459472656	0.11456298828125	0.0123	0.004548062015503876	0.0085	0.0007480620155038767	0.0082	0.00044806201550387677	0.0089	0.001148062015503876	0.0088	0.0010480620155038766	0.0069	-0.000851937984496124	0.008	0.00024806201550387624	0.0087	0.0009480620155038755	0.0075	-0.0002519379844961242	0.0075	-0.0002519379844961242	0.0077	-5.1937984496123676e-05	0.0079	0.00014806201550387685	0.0085	0.0007480620155038767	0.0061	-0.0016519379844961235
5	2.94	0.245	0.007751937984496124	nan	0.0009297430515289307	0.11900711059570312	0.0137	0.0059480620155038764	0.0086	0.0008480620155038761	0.0073	-0.00045193798449612386	0.0069	-0.000851937984496124	0.0085	0.0007480620155038767	0.0095	0.0017480620155038758	0.0091	0.0013480620155038765	0.0068	-0.0009519379844961243	0.0072	-0.0005519379844961241	0.0085	0.0007480620155038767	0.0074	-0.0003519379844961236	0.0081	0.00034806201550387564	0.008	0.00024806201550387624	0.0092	0.001448062015503876
6	2.88	0.24	0.007751937984496124	nan	0.0009204447269439697	0.11781692504882812	0.0116	0.0038480620155038753	0.0072	-0.0005519379844961241	0.0069	-0.000851937984496124	0.0082	0.00044806201550387677	0.0062	-0.0015519379844961241	0.0096	0.0018480620155038752	0.0084	0.0006480620155038756	0.0087	0.0009480620155038755	0.0096	0.0018480620155038752	0.0062	-0.0015519379844961241	0.0087	0.0009480620155038755	0.0088	0.0010480620155038766	0.0089	0.001148062015503876	0.0086	0.0008480620155038761
7	2.82	0.235	0.007751937984496124	nan	0.0008579492568969727	0.1098175048828125	0.0128	0.005048062015503877	0.0067	-0.0010519379844961237	0.0064	-0.0013519379844961236	0.0083	0.0005480620155038762	0.0076	-0.00015193798449612394	0.0094	0.0016480620155038764	0.0078	4.806201550387572e-05	0.0063	-0.0014519379844961239	0.0068	-0.0009519379844961243	0.0069	-0.000851937984496124	0.007	-0.0007519379844961238	0.0068	-0.0009519379844961243	0.0079	0.00014806201550387685	0.0061	-0.0016519379844961235
8	2.7600000000000002	0.23	0.007751937984496124	nan	0.0009340643882751465	0.11956024169921875	0.0111	0.0033480620155038766	0.0069	-0.000851937984496124	0.0082	0.00044806201550387677	0.0082	0.00044806201550387677	0.007	-0.0007519379844961238	0.0081	0.00034806201550387564	0.0075	-0.0002519379844961242	0.0072	-0.0005519379844961241	0.0077	-5.1937984496123676e-05	0.0083	0.0005480620155038762	0.0075	-0.0002519379844961242	0.0069	-0.000851937984496124	0.0087	0.0009480620155038755	0.0097	0.0019480620155038764
9	2.7	0.225	0.007751937984496124	nan	0.0008137822151184082	0.10416412353515625	0.0123	0.004548062015503876	0.007	-0.0007519379844961238	0.0063	-0.0014519379844961239	0.0071	-0.0006519379844961235	0.0079	0.00014806201550387685	0.0067	-0.0010519379844961237	0.008	0.00024806201550387624	0.0094	0.0016480620155038764	0.0082	0.00044806201550387677	0.0069	-0.000851937984496124	0.0066	-0.001151937984496124	0.0076	-0.00015193798449612394	0.009	0.0012480620155038754	0.0081	0.00034806201550387564
10	2.64	0.22	0.007751937984496124	nan	0.0009046494960784912	0.11579513549804688	0.0099	0.002148062015503877	0.0087	0.0009480620155038755	0.0072	-0.0005519379844961241	0.0078	4.806201550387572e-05	0.0068	-0.0009519379844961243	0.0089	0.001148062015503876	0.009	0.0012480620155038754	0.008	0.00024806201550387624	0.0083	0.0005480620155038762	0.0063	-0.0014519379844961239	0.0082	0.00044806201550387677	0.0077	-5.1937984496123676e-05	0.0065	-0.0012519379844961242	0.0094	0.0016480620155038764
11	2.58	0.215	0.007751937984496124	nan	0.0009374618530273438	0.1199951171875	0.0125	0.004748062015503877	0.0079	0.00014806201550387685	0.007	-0.0007519379844961238	0.0073	-0.00045193798449612386	0.0072	-0.0005519379844961241	0.0077	-5.1937984496123676e-05	0.0094	0.0016480620155038764	0.0084	0.0006480620155038756	0.0081	0.00034806201550387564	0.0091	0.0013480620155038765	0.0088	0.0010480620155038766	0.0083	0.0005480620155038762	0.0077	-5.1937984496123676e-05	0.0057	-0.0020519379844961237
12	2.52	0.21	0.007751937984496124	nan	0.0008517801761627197	0.10902786254882812	0.0096	0.0018480620155038752	0.0085	0.0007480620155038767	0.0076	-0.00015193798449612394	0.0073	-0.00045193798449612386	0.0085	0.0007480620155038767	0.0085	0.0007480620155038767	0.0088	0.0010480620155038766	0.0066	-0.001151937984496124	0.0089	0.001148062015503876	0.0094	0.0016480620155038764	0.0074	-0.0003519379844961236	0.01	0.0022480620155038763	0.0062	-0.0015519379844961241	0.0055	-0.0022519379844961242
13	2.46	0.205	0.007751937984496124	nan	0.0009600520133972168	0.12288665771484375	0.0106	0.002848062015503876	0.0073	-0.00045193798449612386	0.0083	0.0005480620155038762	0.0064	-0.0013519379844961236	0.007	-0.0007519379844961238	0.0075	-0.0002519379844961242	0.0095	0.0017480620155038758	0.007	-0.0007519379844961238	0.0077	-5.1937984496123676e-05	0.0083	0.0005480620155038762	0.0071	-0.0006519379844961235	0.006	-0.0017519379844961238	0.0089	0.001148062015503876	0.0084	0.0006480620155038756
14	2.4000000000000004	0.20000000000000004	0.007751937984496124	nan	0.0008755028247833252	0.11206436157226562	0.0121	0.004348062015503876	0.0068	-0.0009519379844961243	0.0074	-0.0003519379844961236	0.0082	0.00044806201550387677	0.0086	0.0008480620155038761	0.0072	-0.0005519379844961241	0.0088	0.0010480620155038766	0.0096	0.0018480620155038752	0.0074	-0.0003519379844961236	0.0074	-0.0003519379844961236	0.0095	0.0017480620155038758	0.007	-0.0007519379844961238	0.0066	-0.001151937984496124	0.0075	-0.0002519379844961242
15	2.34	0.19499999999999998	0.007751937984496124	nan	0.0008902251720428467	0.11394882202148438	0.0125	0.004748062015503877	0.0087	0.0009480620155038755	0.0073	-0.00045193798449612386	0.0077	-5.1937984496123676e-05	0.0076	-0.00015193798449612394	0.007	-0.0007519379844961238	0.008	0.00024806201550387624	0.0061	-0.0016519379844961235	0.0078	4.806201550387572e-05	0.0062	-0.0015519379844961241	0.0077	-5.1937984496123676e-05	0.0092	0.001448062015503876	0.0086	0.0008480620155038761	0.0063	-0.0014519379844961239
16	2.2800000000000002	0.19000000000000003	0.007751937984496124	nan	0.0009328722953796387	0.11940765380859375	0.0131	0.005348062015503877	0.0071	-0.0006519379844961235	0.0076	-0.00015193798449612394	0.0068	-0.0009519379844961243	0.0079	0.00014806201550387685	0.0072	-0.0005519379844961241	0.0072	-0.0005519379844961241	0.0075	-0.0002519379844961242	0.0086	0.0008480620155038761	0.0084	0.0006480620155038756	0.0073	-0.00045193798449612386	0.0085	0.0007480620155038767	0.0068	-0.0009519379844961243	0.0067	-0.0010519379844961237
17	2.2199999999999998	0.18499999999999997	0.007751937984496124	nan	0.0009582638740539551	0.12265777587890625	0.0106	0.002848062015503876	0.0066	-0.001151937984496124	0.0067	-0.0010519379844961237	0.0074	-0.0003519379844961236	0.0078	4.806201550387572e-05	0.007	-0.0007519379844961238	0.0082	0.00044806201550387677	0.0081	0.00034806201550387564	0.0077	-5.1937984496123676e-05	0.0059	-0.001851937984496124	0.0067	-0.0010519379844961237	0.0072	-0.0005519379844961241	0.0088	0.0010480620155038766	0.0075	-0.0002519379844961242
18	2.16	0.18000000000000002	0.007751937984496124	nan	0.0009596347808837891	0.122833251953125	0.0134	0.0056480620155038765	0.0082	0.00044806201550387677	0.0082	0.00044806201550387677	0.007	-0.0007519379844961238	0.0078	4.806201550387572e-05	0.0091	0.0013480620155038765	0.0084	0.0006480620155038756	0.0059	-0.001851937984496124	0.0075	-0.0002519379844961242	0.0089	0.001148062015503876	0.0065	-0.0012519379844961242	0.0089	0.001148062015503876	0.0066	-0.001151937984496124	0.0053	-0.002451937984496124
19	2.0999999999999996	0.17499999999999996	0.007751937984496124	nan	0.0008860528469085693	0.11341476440429688	0.0121	0.004348062015503876	0.0082	0.00044806201550387677	0.0071	-0.0006519379844961235	0.0076	-0.00015193798449612394	0.0078	4.806201550387572e-05	0.0105	0.0027480620155038767	0.0078	4.806201550387572e-05	0.0085	0.0007480620155038767	0.009	0.0012480620155038754	0.0079	0.00014806201550387685	0.0093	0.0015480620155038753	0.0071	-0.0006519379844961235	0.0069	-0.000851937984496124	0.0073	-0.00045193798449612386
20	2.04	0.17	0.007751937984496124	nan	0.0008881986141204834	0.11368942260742188	0.0116	0.0038480620155038753	0.0065	-0.0012519379844961242	0.0065	-0.0012519379844961242	0.0077	-5.1937984496123676e-05	0.0079	0.00014806201550387685	0.0068	-0.0009519379844961243	0.0081	0.00034806201550387564	0.0065	-0.0012519379844961242	0.0087	0.0009480620155038755	0.0087	0.0009480620155038755	0.0081	0.00034806201550387564	0.0084	0.0006480620155038756	0.0082	0.00044806201550387677	0.0075	-0.0002519379844961242
21	1.98	0.165	0.007751937984496124	nan	0.000912010669708252	0.11673736572265625	0.0125	0.004748062015503877	0.0077	-5.1937984496123676e-05	0.0077	-5.1937984496123676e-05	0.0095	0.0017480620155038758	0.0076	-0.00015193798449612394	0.0064	-0.0013519379844961236	0.0076	-0.00015193798449612394	0.0068	-0.0009519379844961243	0.0082	0.00044806201550387677	0.0075	-0.0002519379844961242	0.0094	0.0016480620155038764	0.0087	0.0009480620155038755	0.0072	-0.0005519379844961241	0.0057	-0.0020519379844961237
22	1.92	0.16	0.007751937984496124	nan	0.000908195972442627	0.11624908447265625	0.0122	0.004448062015503877	0.0075	-0.0002519379844961242	0.0094	0.0016480620155038764	0.0105	0.0027480620155038767	0.0069	-0.000851937984496124	0.0082	0.00044806201550387677	0.0093	0.0015480620155038753	0.0085	0.0007480620155038767	0.0072	-0.0005519379844961241	0.0102	0.002448062015503877	0.0083	0.0005480620155038762	0.0077	-5.1937984496123676e-05	0.0078	4.806201550387572e-05	0.008	0.00024806201550387624
23	1.8599999999999999	0.155	0.007751937984496124	nan	0.0009309947490692139	0.11916732788085938	0.0123	0.004548062015503876	0.0073	-0.00045193798449612386	0.0082	0.00044806201550387677	0.0069	-0.000851937984496124	0.0069	-0.000851937984496124	0.0077	-5.1937984496123676e-05	0.008	0.00024806201550387624	0.0077	-5.1937984496123676e-05	0.0087	0.0009480620155038755	0.0077	-5.1937984496123676e-05	0.0078	4.806201550387572e-05	0.0069	-0.000851937984496124	0.0081	0.00034806201550387564	0.0088	0.0010480620155038766
24	1.7999999999999998	0.15	0.007751937984496124	nan	0.0009123682975769043	0.11678314208984375	0.0127	0.0049480620155038756	0.009	0.0012480620155038754	0.0072	-0.0005519379844961241	0.0073	-0.00045193798449612386	0.0058	-0.0019519379844961243	0.0074	-0.0003519379844961236	0.0088	0.0010480620155038766	0.0072	-0.0005519379844961241	0.0079	0.00014806201550387685	0.0075	-0.0002519379844961242	0.0077	-5.1937984496123676e-05	0.0079	0.00014806201550387685	0.0085	0.0007480620155038767	0.0102	0.002448062015503877
25	1.7399999999999998	0.145	0.007751937984496124	nan	0.0009208917617797852	0.1178741455078125	0.0129	0.005148062015503876	0.0074	-0.0003519379844961236	0.0089	0.001148062015503876	0.0073	-0.00045193798449612386	0.0072	-0.0005519379844961241	0.0058	-0.0019519379844961243	0.0073	-0.00045193798449612386	0.0077	-5.1937984496123676e-05	0.0071	-0.0006519379844961235	0.0081	0.00034806201550387564	0.0092	0.001448062015503876	0.0073	-0.00045193798449612386	0.0068	-0.0009519379844961243	0.0077	-5.1937984496123676e-05
26	1.6800000000000002	0.14	0.007751937984496124	nan	0.0009136795997619629	0.11695098876953125	0.0137	0.0059480620155038764	0.0065	-0.0012519379844961242	0.007	-0.0007519379844961238	0.0062	-0.0015519379844961241	0.0077	-5.1937984496123676e-05	0.0086	0.0008480620155038761	0.0078	4.806201550387572e-05	0.0069	-0.000851937984496124	0.008	0.00024806201550387624	0.0064	-0.0013519379844961236	0.0077	-5.1937984496123676e-05	0.0088	0.0010480620155038766	0.0083	0.0005480620155038762	0.0058	-0.0019519379844961243
27	1.62	0.135	0.007751937984496124	nan	0.0009182989597320557	0.11754226684570312	0.013	0.0052480620155038755	0.0076	-0.00015193798449612394	0.0088	0.0010480620155038766	0.0077	-5.1937984496123676e-05	0.0096	0.0018480620155038752	0.0073	-0.00045193798449612386	0.0093	0.0015480620155038753	0.007	-0.0007519379844961238	0.0082	0.00044806201550387677	0.0076	-0.00015193798449612394	0.0074	-0.0003519379844961236	0.0065	-0.0012519379844961242	0.0076	-0.00015193798449612394	0.0077	-5.1937984496123676e-05
28	1.56	0.13	0.007751937984496124	nan	0.0009158551692962646	0.11722946166992188	0.0145	0.006748062015503877	0.0079	0.00014806201550387685	0.0077	-5.1937984496123676e-05	0.0084	0.0006480620155038756	0.009	0.0012480620155038754	0.0065	-0.0012519379844961242	0.0068	-0.0009519379844961243	0.0081	0.00034806201550387564	0.0079	0.00014806201550387685	0.0078	4.806201550387572e-05	0.0084	0.0006480620155038756	0.009	0.0012480620155038754	0.0082	0.00044806201550387677	0.0057	-0.0020519379844961237
29	1.5	0.125	0.007751937984496124	nan	0.0009206533432006836	0.1178436279296875	0.0149	0.007148062015503876	0.0075	-0.0002519379844961242	0.0071	-0.0006519379844961235	0.0078	4.806201550387572e-05	0.0077	-5.1937984496123676e-05	0.0083	0.0005480620155038762	0.0076	-0.00015193798449612394	0.0081	0.00034806201550387564	0.0096	0.0018480620155038752	0.0072	-0.0005519379844961241	0.0078	4.806201550387572e-05	0.0093	0.0015480620155038753	0.008	0.00024806201550387624	0.0085	0.0007480620155038767
30	1.44	0.12	0.007751937984496124	nan	0.0009077787399291992	0.1161956787109375	0.0151	0.007348062015503877	0.0086	0.0008480620155038761	0.0071	-0.0006519379844961235	0.0055	-0.0022519379844961242	0.0079	0.00014806201550387685	0.0083	0.0005480620155038762	0.0079	0.00014806201550387685	0.0096	0.0018480620155038752	0.0078	4.806201550387572e-05	0.009	0.0012480620155038754	0.006	-0.0017519379844961238	0.01	0.0022480620155038763	0.0078	4.806201550387572e-05	0.0071	-0.0006519379844961235
31	1.3800000000000001	0.115	0.007751937984496124	nan	0.0009753704071044922	0.124847412109375	0.0162	0.008448062015503875	0.0069	-0.000851937984496124	0.0071	-0.0006519379844961235	0.0091	0.0013480620155038765	0.0083	0.0005480620155038762	0.0087	0.0009480620155038755	0.0073	-0.00045193798449612386	0.0065	-0.0012519379844961242	0.0071	-0.0006519379844961235	0.0083	0.0005480620155038762	0.007	-0.0007519379844961238	0.0068	-0.0009519379844961243	0.0077	-5.1937984496123676e-05	0.0079	0.00014806201550387685
32	1.32	0.11	0.007751937984496124	nan	0.0009695887565612793	0.12410736083984375	0.0167	0.008948062015503876	0.0072	-0.0005519379844961241	0.0077	-5.1937984496123676e-05	0.0082	0.00044806201550387677	0.006	-0.0017519379844961238	0.0074	-0.0003519379844961236	0.0084	0.0006480620155038756	0.0095	0.0017480620155038758	0.0085	0.0007480620155038767	0.0075	-0.0002519379844961242	0.0069	-0.000851937984496124	0.0073	-0.00045193798449612386	0.0075	-0.0002519379844961242	0.0076	-0.00015193798449612394
33	1.26	0.105	0.007751937984496124	nan	0.000982046127319336	0.125701904296875	0.0188	0.011048062015503877	0.0085	0.0007480620155038767	0.0086	0.0008480620155038761	0.008	0.00024806201550387624	0.0073	-0.00045193798449612386	0.007	-0.0007519379844961238	0.009	0.0012480620155038754	0.0097	0.0019480620155038764	0.0073	-0.00045193798449612386	0.0089	0.001148062015503876	0.0087	0.0009480620155038755	0.0079	0.00014806201550387685	0.0071	-0.0006519379844961235	0.0096	0.0018480620155038752
34	1.2000000000000002	0.10000000000000002	0.007751937984496124	nan	0.0009413659572601318	0.12049484252929688	0.0184	0.010648062015503876	0.0096	0.0018480620155038752	0.0097	0.0019480620155038764	0.0072	-0.0005519379844961241	0.008	0.00024806201550387624	0.0064	-0.0013519379844961236	0.009	0.0012480620155038754	0.0081	0.00034806201550387564	0.0052	-0.002551937984496124	0.0081	0.00034806201550387564	0.0072	-0.0005519379844961241	0.0094	0.0016480620155038764	0.0081	0.00034806201550387564	0.0075	-0.0002519379844961242
35	1.1400000000000001	0.09500000000000001	0.007751937984496124	1.2141874315588774	0.049348801374435425	6.316646575927734	0.4446	0.43684806201550386	0.2098	0.20204806201550385	0.089	0.08124806201550387	0.0318	0.024048062015503878	0.0094	0.0016480620155038764	0.0034	-0.004351937984496124	0.0012	-0.006551937984496124	0.0012	-0.006551937984496124	0.0007	-0.007051937984496124	0.0013	-0.006451937984496124	0.001	-0.006751937984496124	0.0012	-0.006551937984496124	0.001	-0.006751937984496124	0.0015	-0.006251937984496124
36	1.08	0.09000000000000001	0.007751937984496124	1.3040812796326535	0.053272098302841187	6.818828582763672	0.4881	0.48034806201550384	0.2219	0.21414806201550385	0.0982	0.09044806201550387	0.0342	0.026448062015503877	0.0094	0.0016480620155038764	0.0031	-0.004651937984496124	0.0006	-0.007151937984496124	0.0002	-0.007551937984496124	0.0007	-0.007051937984496124	0.0004	-0.007351937984496124	0.0002	-0.007551937984496124	0.0001	-0.007651937984496124	0.0	-0.007751937984496124	0.0	-0.007751937984496124
37	1.08	0.09000000000000001	0.007751937984496124	1.3272004433643392	0.05382096767425537	6.8890838623046875	0.498	0.49024806201550386	0.2278	0.22004806201550386	0.0981	0.09034806201550388	0.0358	0.028048062015503875	0.0088	0.0010480620155038766	0.0013	-0.006451937984496124	0.0004	-0.007351937984496124	0.0002	-0.007551937984496124	0.0	-0.007751937984496124	0.0	-0.007751937984496124	0.0001	-0.007651937984496124	0.0	-0.007751937984496124	0.0	-0.007751937984496124	0.0	-0.007751937984496124
38	0.8400000000000001	0.07	0.007751937984496124	1.3306394206786059	0.05467626452445984	6.998561859130859	0.501	0.49324806201550386	0.2281	0.2203480620155039	0.0962	0.08844806201550387	0.0367	0.02894806201550388	0.0108	0.0030480620155038766	0.0026	-0.005151937984496124	0.0003	-0.007451937984496124	0.0	-0.007751937984496124	0.0	-0.007751937984496124	0.0	-0.007751937984496124	0.0	-0.007751937984496124	0.0	-0.007751937984496124	0.0	-0.007751937984496124	0.0	-0.007751937984496124
39	0.6000000000000001	0.05000000000000001	0.007751937984496124	1.3238594750742436	0.0546875	7.0	0.4951	0.48734806201550385	0.2312	0.22344806201550388	0.0934	0.08564806201550387	0.037	0.029248062015503874	0.0103	0.002548062015503876	0.0025	-0.0052519379844961234	0.0001	-0.007651937984496124	0.0	-0.007751937984496124	0.0	-0.007751937984496124	0.0	-0.007751937984496124	0.0	-0.007751937984496124	0.0	-0.007751937984496124	0.0	-0.007751937984496124	0.0	-0.007751937984496124
40	0.36	0.03	0.007751937984496124	1.3408809042483203	0.0546875	7.0	0.5039	0.4961480620155039	0.2327	0.22494806201550388	0.0963	0.08854806201550387	0.0363	0.028548062015503875	0.0117	0.003948062015503876	0.0028	-0.0049519379844961235	0.0004	-0.007351937984496124	0.0	-0.007751937984496124	0.0	-0.007751937984496124	0.0	-0.007751937984496124	0.0	-0.007751937984496124	0.0	-0.007751937984496124	0.0	-0.007751937984496124	0.0	-0.007751937984496124
41	0.12	0.01	0.007751937984496124	1.3336877184738671	0.0546875	7.0	0.498	0.49024806201550386	0.2346	0.2268480620155039	0.0967	0.08894806201550387	0.0335	0.025748062015503878	0.0117	0.003948062015503876	0.0029	-0.004851937984496124	0.0004	-0.007351937984496124	0.0	-0.007751937984496124	0.0	-0.007751937984496124	0.0	-0.007751937984496124	0.0	-0.007751937984496124	0.0	-0.007751937984496124	0.0	-0.007751937984496124	0.0	-0.007751937984496124
