temp_index	temp	sweep	S	E	accepted	nonnull	null
0	13.750000000000002	1	69358677	-0.34450827538967133	9759629	11181005	5596211
0	13.750000000000002	2	69477414	-0.34509804844856262	19425364	22361198	11193234
0	13.750000000000002	3	69502163	-0.34522097806135815	29085079	33543540	16788108
0	13.750000000000002	4	69496541	-0.34519305328528088	38747051	44730272	22378592
0	13.750000000000002	5	69489121	-0.34515619774659473	48405880	55914869	27971211
0	13.750000000000002	6	69482194	-0.34512179096539813	58066622	67098962	33564334
0	13.750000000000002	7	69491282	-0.34516693154970807	67729510	78283564	39156948
0	13.750000000000002	8	69480254	-0.34511215488115948	77392258	89467896	44749832
0	13.750000000000002	9	69488353	-0.3451523830493291	87054739	100653521	50341423
0	13.750000000000002	10	69494858	-0.34518469373385113	96713431	111835772	55936388
0	13.750000000000002	11	69489480	-0.34515798091888428	106373000	123020048	61529328
0	13.750000000000002	12	69496505	-0.34519287447134656	116035416	134205866	67120726
0	13.750000000000002	13	69488349	-0.3451523631811142	125696685	145390005	72713803
0	13.750000000000002	14	69491639	-0.34516870478789013	135361255	156577009	78304015
0	13.750000000000002	15	69488684	-0.34515402714411419	145021647	167758577	83899663
0	13.750000000000002	16	69487339	-0.34514734645684558	154683670	178941496	89493960
0	13.750000000000002	17	69495881	-0.34518977502981824	164345230	190125539	95087133
0	13.750000000000002	18	69493023	-0.34517557919025421	174008445	201313603	100676285
0	13.750000000000002	19	69495740	-0.34518907467524212	183672246	212501707	106265397
0	13.750000000000002	20	69494018	-0.34518052140871686	193333780	223687561	111856759
0	13.750000000000002	21	69490592	-0.34516350428263348	202996286	234871095	117450441
0	13.750000000000002	22	69485035	-0.34513590236504871	212659617	246058697	123040055
0	13.750000000000002	23	69494718	-0.34518399834632874	222322414	257246694	128629274
0	13.750000000000002	24	69497444	-0.34519753853480023	231982694	268431515	134221669
0	13.750000000000002	25	69490761	-0.34516434371471405	241643850	279617237	139813163
0	13.750000000000002	26	69493578	-0.34517833590507507	251303098	290800492	145407124
0	13.750000000000002	27	69499209	-0.34520630538463593	260964375	301983782	151001050
0	13.750000000000002	28	69499239	-0.34520645439624786	270626440	313171212	156590836
0	13.750000000000002	29	69487939	-0.34515032668908435	280285632	324353827	162185437
0	13.750000000000002	30	69491781	-0.34516941010951996	289946761	335538801	167777679
0	13.750000000000002	31	69486255	-0.34514196217060089	299611072	346725468	173368228
0	13.750000000000002	32	69497089	-0.34519577523072559	309276417	357913821	178957091
0	13.750000000000002	33	69490372	-0.34516241153081256	318939616	369100736	184547392
0	13.750000000000002	34	69493553	-0.34517821172873181	328599682	380284329	190141015
0	13.750000000000002	35	69491177	-0.34516641000906628	338261208	391466972	195735588
0	13.750000000000002	36	69494365	-0.34518224497636157	347920789	402650672	201329104
0	13.750000000000002	37	69497119	-0.34519592424233753	357578399	413832231	206924761
0	13.750000000000002	38	69488467	-0.34515294929345447	367236721	425014554	212519654
0	13.750000000000002	39	69496912	-0.34519489606221515	376897914	436200303	218111121
0	13.750000000000002	40	69492397	-0.34517246981461841	386557509	447383627	223705013
0	13.750000000000002	41	69487020	-0.34514576196670532	396220867	458569732	229296124
0	13.750000000000002	42	69487171	-0.34514651199181873	405882041	469754454	234888618
0	13.750000000000002	43	69485438	-0.34513790408770245	415545930	480939249	240481039
0	13.750000000000002	44	69495059	-0.34518569211165112	425208794	492124532	246072972
0	13.750000000000002	45	69488159	-0.34515141944090527	434871687	503310190	251664530
0	13.750000000000002	46	69508765	-0.34525377055009204	444535046	514497358	257254578
0	13.750000000000002	47	69495197	-0.34518637756506604	454197024	525683772	262845380
0	13.750000000000002	48	69499316	-0.34520683685938519	463859809	536867982	268438386
0	13.750000000000002	49	69491382	-0.34516742825508118	473521087	548051077	274032507
0	13.750000000000002	50	69493808	-0.34517947832743329	483183252	559237472	279623328
0	13.750000000000002	51	69488704	-0.34515412648518878	492846398	570422229	285215787
0	13.750000000000002	52	69488534	-0.3451532820860545	502512450	581610790	290804442
0	13.750000000000002	53	69500188	-0.34521116813023883	512173253	592795045	296397403
0	13.750000000000002	54	69492995	-0.34517544011274975	521836874	603980824	301988840
0	13.750000000000002	55	69491736	-0.34516918659210205	531497352	615164839	307582041
0	13.750000000000002	56	69500334	-0.34521189332008362	541157439	626348477	313175619
0	13.750000000000002	57	69484643	-0.34513395527998608	550818577	637530727	318770585
0	13.750000000000002	58	69486848	-0.34514490763346356	560479617	648715616	324362912
0	13.750000000000002	59	69486170	-0.34514153997103375	570144096	659901211	329954533
0	13.750000000000002	60	69496474	-0.34519272049268085	579805313	671085701	335547259
1	8.8000000000000025	1	70764650	-0.35149181882540387	8900485	11187208	5590008
1	8.8000000000000025	2	70918607	-0.35225653151671094	17706592	22372966	11181466
1	8.8000000000000025	3	70941672	-0.35237109661102295	26501592	33558731	16772917
1	8.8000000000000025	4	70947820	-0.35240163405736286	35290092	44743261	22365603
1	8.8000000000000025	5	70935914	-0.35234249631563824	44080928	55928036	27958044
1	8.8000000000000025	6	70948761	-0.35240630805492401	52872697	67113876	33549420
1	8.8000000000000025	7	70952497	-0.35242486496766406	61660912	78298265	39142247
1	8.8000000000000025	8	70940285	-0.35236420730749768	70450507	89484169	44733559
1	8.8000000000000025	9	70958415	-0.35245425999164581	79239291	100671556	50323388
1	8.8000000000000025	10	70943456	-0.35237995783487958	88027689	111853239	55918921
1	8.8000000000000025	11	70949697	-0.35241095721721649	96814087	123035529	61513847
1	8.8000000000000025	12	70951760	-0.35242120424906415	105605661	134220371	67106221
1	8.8000000000000025	13	70936414	-0.35234497984250385	114393986	145402838	72700970
1	8.8000000000000025	14	70944489	-0.35238508880138397	123187982	156590705	78290319
1	8.8000000000000025	15	70947684	-0.35240095853805542	131975189	167775888	83882352
1	8.8000000000000025	16	70948091	-0.35240298012892407	140760747	178958253	89477203
1	8.8000000000000025	17	70943809	-0.35238171120484668	149547851	190142220	95070452
1	8.8000000000000025	18	70934238	-0.35233417153358459	158339592	201328111	100661777
1	8.8000000000000025	19	70952764	-0.35242619117101032	167127563	212512245	106254859
1	8.8000000000000025	20	70945997	-0.35239257911841076	175914668	223695111	111849209
1	8.8000000000000025	21	70952140	-0.352423091729482	184706749	234881695	117439841
1	8.8000000000000025	22	70952672	-0.35242573420206708	193492486	246065997	123032755
1	8.8000000000000025	23	70952655	-0.35242564976215363	202281776	257251801	128624167
1	8.8000000000000025	24	70942572	-0.3523755669593811	211071522	268439079	134214105
1	8.8000000000000025	25	70945797	-0.35239158570766449	219858984	279622588	139807812
1	8.8000000000000025	26	70946121	-0.35239319503307343	228646228	290805957	145401659
1	8.8000000000000025	27	70935774	-0.35234180092811584	237436190	301993693	150991139
1	8.8000000000000025	28	70941797	-0.35237171749273938	246225236	313177291	156584757
1	8.8000000000000025	29	70943533	-0.35238034029801685	255014554	324360885	162178379
1	8.8000000000000025	30	70945065	-0.35238794982433319	263803303	335547381	167769099
1	8.8000000000000025	31	70940496	-0.35236525535583496	272596030	346731919	173361777
1	8.8000000000000025	32	70942158	-0.35237351059913635	281387842	357916583	178954329
1	8.8000000000000025	33	70936301	-0.35234441856543225	290177753	369102832	184545296
1	8.8000000000000025	34	70944696	-0.35238611698150635	298967365	380287410	190137934
1	8.8000000000000025	35	70952911	-0.35242692132790882	307757394	391472051	195730509
1	8.8000000000000025	36	70957399	-0.35244921346505481	316543276	402658398	201321378
1	8.8000000000000025	37	70946443	-0.35239479442437488	325331377	413842171	206914821
1	8.8000000000000025	38	70951539	-0.35242010653018951	334122685	425028690	212505518
1	8.8000000000000025	39	70956965	-0.35244705776373547	342910583	436215222	218096202
1	8.8000000000000025	40	70940429	-0.35236492256323498	351706334	447405141	223683499
1	8.8000000000000025	41	70933224	-0.35232913494110107	360498910	458590257	229275599
1	8.8000000000000025	42	70948869	-0.35240684449672699	369289974	469774546	234868526
1	8.8000000000000025	43	70941941	-0.35237243274847668	378077739	480960199	240460089
1	8.8000000000000025	44	70950191	-0.35241341094175976	386863883	492143220	246054284
1	8.8000000000000025	45	70942995	-0.35237766802310944	395655302	503326986	251647734
1	8.8000000000000025	46	70951127	-0.35241806010405224	404441706	514513623	257238313
1	8.8000000000000025	47	70943865	-0.35238198935985565	413231714	525698637	262830515
1	8.8000000000000025	48	70938316	-0.35235442717870075	422020992	536882840	268423528
1	8.8000000000000025	49	70936707	-0.35234643518924713	430810615	548066103	274017481
1	8.8000000000000025	50	70948688	-0.35240594546000165	439599758	559253187	279607613
1	8.8000000000000025	51	70943053	-0.35237795611222583	448387254	570436562	285201454
1	8.8000000000000025	52	70953559	-0.35243013997872669	457175095	581620807	290794425
1	8.8000000000000025	53	70948712	-0.3524060646692912	465965148	592805866	296386582
1	8.8000000000000025	54	70941711	-0.35237129032611847	474755640	603992788	301976876
1	8.8000000000000025	55	70943798	-0.35238165656725567	483543651	615177218	307569662
1	8.8000000000000025	56	70947692	-0.35240099827448529	492337490	626364842	313159254
1	8.8000000000000025	57	70938669	-0.35235618054866791	501128598	637552688	318748624
1	8.8000000000000025	58	70939622	-0.35236091415087384	509918660	648739271	324339257
1	8.8000000000000025	59	70942452	-0.35237497091293335	518705571	659922356	329933388
1	8.8000000000000025	60	70940363	-0.35236459473768872	527492635	671103642	335529318
2	7.1500000000000012	1	71777928	-0.35652482509613037	8319078	11185681	5591535
2	7.1500000000000012	2	71912499	-0.3571932464838028	16558713	22370096	11184336
2	7.1500000000000012	3	71955780	-0.35740822553634644	24781280	33554586	16777062
2	7.1500000000000012	4	71959515	-0.35742677748203278	33003030	44742397	22366467
2	7.1500000000000012	5	71976318	-0.35751023888587952	41221120	55927634	27958446
2	7.1500000000000012	6	71977785	-0.35751752555370331	49435749	67109324	33553972
2	7.1500000000000012	7	71985169	-0.35755420227845508	57650767	78297253	39143259
2	7.1500000000000012	8	71982552	-0.35754120349884033	65861626	89481513	44736215
2	7.1500000000000012	9	71983007	-0.35754346350828808	74075317	100664374	50330570
2	7.1500000000000012	10	71987618	-0.35756636659304303	82288192	111848124	55924036
2	7.1500000000000012	11	71986227	-0.3575594574213028	90501478	123035564	61513812
2	7.1500000000000012	12	71987635	-0.35756645103295642	98715295	134220515	67106077
2	7.1500000000000012	13	71985323	-0.35755496720472973	106925632	145403577	72700231
2	7.1500000000000012	14	71989874	-0.3575775722662608	115137987	156590139	78290885
2	7.1500000000000012	15	71985093	-0.35755382478237152	123352008	167777075	83881165
2	7.1500000000000012	16	71982389	-0.35754039386908215	131561963	178959017	89476439
2	7.1500000000000012	17	71987881	-0.35756767292817432	139774544	190143384	95069288
2	7.1500000000000012	18	71993434	-0.35759525497754413	147985251	201332286	100657602
2	7.1500000000000012	19	71996602	-0.35761099060376483	156194137	212515844	106251260
2	7.1500000000000012	20	71989418	-0.35757530728975934	164402433	223701062	111843258
2	7.1500000000000012	21	71989194	-0.35757419466972351	172612068	234882971	117438565
2	7.1500000000000012	22	71997487	-0.35761538644631702	180821804	246066931	123031821
2	7.1500000000000012	23	71997605	-0.35761597255865735	189031832	257253117	128622851
2	7.1500000000000012	24	72004018	-0.35764782627423602	197239559	268439064	134214120
2	7.1500000000000012	25	72007004	-0.35766265789667767	205446285	279622222	139808178
2	7.1500000000000012	26	72010768	-0.35768135388692218	213650133	290804183	145403433
2	7.1500000000000012	27	72002256	-0.35763907432556152	221857911	301986546	150998286
2	7.1500000000000012	28	72004273	-0.3576490928729375	230060229	313169998	156592050
2	7.1500000000000012	29	72008418	-0.35766968131065369	238266955	324353978	162185286
2	7.1500000000000012	30	72016634	-0.35771049062410992	246470288	335541110	167775370
2	7.1500000000000012	31	72023079	-0.35774250328540802	254671186	346724154	173369542
2	7.1500000000000012	32	72030671	-0.35778021315733594	262871166	357907195	178963717
2	7.1500000000000012	33	72034132	-0.35779740413029987	271070213	369090298	184557830
2	7.1500000000000012	34	72043499	-0.35784393052260083	279268609	380278541	190146803
2	7.1500000000000012	35	72054855	-0.35790033638477325	287460836	391461202	195741358
2	7.1500000000000012	36	72051051	-0.35788144171237946	295654822	402643246	201336530
2	7.1500000000000012	37	72061373	-0.35793271164099377	303847544	413828993	206927999
2	7.1500000000000012	38	72068926	-0.35797022779782611	312039227	425016158	212518050
2	7.1500000000000012	39	72087994	-0.35806493957837421	320228101	436204047	218107377
2	7.1500000000000012	40	72087411	-0.35806204378604889	328414955	447389784	223698856
2	7.1500000000000012	41	72105337	-0.35815108319123584	336594058	458573630	229292226
2	7.1500000000000012	42	72108364	-0.35816611846288043	344772406	469758396	234884676
2	7.1500000000000012	43	72112467	-0.3581864982843399	352947120	480942547	240477741
2	7.1500000000000012	44	72132209	-0.3582845578591029	361119804	492125651	246071853
2	7.1500000000000012	45	72152214	-0.35838392376899719	369289185	503311021	251663699
2	7.1500000000000012	46	72172649	-0.35848542551199597	377451984	514496022	257255914
2	7.1500000000000012	47	72201578	-0.35862911740938824	385607506	525679204	262849948
2	7.1500000000000012	48	72217278	-0.35870710015296936	393757213	536864369	268441999
2	7.1500000000000012	49	72231389	-0.35877719024817151	401904192	548051796	274031788
2	7.1500000000000012	50	72264365	-0.35894098381201428	410042286	559233484	279627316
2	7.1500000000000012	51	72289079	-0.3590637395779292	418178284	570418515	285219501
2	7.1500000000000012	52	72334724	-0.35929046074549359	426301938	581605093	290810139
2	7.1500000000000012	53	72343163	-0.35933237771193188	434419701	592791640	296400808
2	7.1500000000000012	54	72373378	-0.35948245724042255	442530524	603977745	301991919
2	7.1500000000000012	55	72411461	-0.35967161754767102	450630463	615162654	307584226
2	7.1500000000000012	56	72447608	-0.35985116163889569	458722551	626348349	313175747
2	7.1500000000000012	57	72475120	-0.3599878152211507	466808758	637535966	318765346
2	7.1500000000000012	58	72514679	-0.36018430689970654	474886679	648724393	324354135
2	7.1500000000000012	59	72553237	-0.3603758265574773	482947535	659905472	329950272
2	7.1500000000000012	60	72604339	-0.3606296529372533	490997229	671089276	335543684
3	6.0500000000000016	1	73691489	-0.36602958540121716	7575854	11183836	5593380
3	6.0500000000000016	2	74373648	-0.36941790580749512	14967915	22370466	11183966
3	6.0500000000000016	3	75127419	-0.3731619268655777	22194152	33553614	16778034
3	6.0500000000000016	4	76034721	-0.37766854465007782	29238400	44735040	22373824
3	6.0500000000000016	5	77095254	-0.3829362690448761	36079084	55917508	27968572
3	6.0500000000000016	6	78302267	-0.38893156747023266	42706445	67102960	33560336
3	6.0500000000000016	7	79580853	-0.39528237283229828	49116826	78286671	39153841
3	6.0500000000000016	8	80843248	-0.4015527566274007	55322856	89470344	44747384
3	6.0500000000000016	9	82084795	-0.40771958728631336	61338420	100657753	50337191
3	6.0500000000000016	10	83246867	-0.41349166134993237	67176236	111842105	55930055
3	6.0500000000000016	11	84303265	-0.41873884697755176	72865639	123030741	61518635
3	6.0500000000000016	12	85275273	-0.42356686294078827	78420644	134215554	67111038
3	6.0500000000000016	13	86158204	-0.42795242865880329	83863476	145402297	72701511
3	6.0500000000000016	14	86906718	-0.43167033791542053	89199382	156583538	78297486
3	6.0500000000000016	15	87559584	-0.43491315841674805	94457461	167769626	83888614
3	6.0500000000000016	16	88113297	-0.4376634806394577	99642457	178953761	89481695
3	6.0500000000000016	17	88601228	-0.44008706013361615	104766339	190139701	95072971
3	6.0500000000000016	18	89001258	-0.44207403063774109	109840581	201324776	100665112
3	6.0500000000000016	19	89372581	-0.4439184119304021	114875150	212507730	106259374
3	6.0500000000000016	20	89643320	-0.44526318709055585	119872886	223693211	111851109
3	6.0500000000000016	21	89907891	-0.44657732546329498	124844028	234879326	117442210
3	6.0500000000000016	22	90153311	-0.44779633979002637	129786948	246066001	123032751
3	6.0500000000000016	23	90325621	-0.44865221281846362	134711775	257255538	128620430
3	6.0500000000000016	24	90464886	-0.44934394955635071	139614930	268438518	134214666
3	6.0500000000000016	25	90603573	-0.45003281533718109	144506664	279623859	139806541
3	6.0500000000000016	26	90735244	-0.45068683226903278	149383320	290807013	145400603
3	6.0500000000000016	27	90847752	-0.45124566555023193	154243617	301990977	150993855
3	6.0500000000000016	28	90915961	-0.45158446331818897	159096139	313175778	156586270
3	6.0500000000000016	29	90991404	-0.45195919275283813	163944522	324362590	162176674
3	6.0500000000000016	30	91069326	-0.45234623551368713	168783759	335549304	167767176
3	6.0500000000000016	31	91129682	-0.45264602700869244	173613388	346734533	173359163
3	6.0500000000000016	32	91165316	-0.45282302300135296	178439788	357918611	178952301
3	6.0500000000000016	33	91211421	-0.45305202901363373	183261604	369105009	184543119
3	6.0500000000000016	34	91230606	-0.45314732193946838	188078465	380289697	190135647
3	6.0500000000000016	35	91254424	-0.45326562722524005	192891459	391474336	195728224
3	6.0500000000000016	36	91273654	-0.45336114366849262	197707929	402659609	201320167
3	6.0500000000000016	37	91295964	-0.45347195863723755	202519711	413844210	206912782
3	6.0500000000000016	38	91324730	-0.45361484090487164	207332348	425028496	212505712
3	6.0500000000000016	39	91334653	-0.45366412897904712	212138366	436209442	218101982
3	6.0500000000000016	40	91347045	-0.45372568070888519	216946635	447395217	223693423
3	6.0500000000000016	41	91357310	-0.45377666751543683	221753018	458579966	229285890
3	6.0500000000000016	42	91393973	-0.45395877460638684	226555012	469765023	234878049
3	6.0500000000000016	43	91405901	-0.45401802162329358	231356958	480952112	240468176
3	6.0500000000000016	44	91406705	-0.45402201513449353	236158169	492137338	246060166
3	6.0500000000000016	45	91418282	-0.45407951871554059	240959784	503325323	251649397
3	6.0500000000000016	46	91429850	-0.45413697759310406	245755100	514510583	257241353
3	6.0500000000000016	47	91436703	-0.45417101681232452	250554809	525695772	262833380
3	6.0500000000000016	48	91448405	-0.45422914127508801	255346612	536879609	268426759
3	6.0500000000000016	49	91454525	-0.45425953964392346	260140696	548064733	274018851
3	6.0500000000000016	50	91444144	-0.45420797665913898	264937455	559247425	279613375
3	6.0500000000000016	51	91449832	-0.45423622926076251	269731205	570433796	285204220
3	6.0500000000000016	52	91445390	-0.45421416560808819	274525819	581621302	290793930
3	6.0500000000000016	53	91430641	-0.45414090653260547	279320492	592808467	296383981
3	6.0500000000000016	54	91431268	-0.45414402087529498	284118186	603993896	301975768
3	6.0500000000000016	55	91426350	-0.45411959290504456	288913447	615176611	307570269
3	6.0500000000000016	56	91468039	-0.45432666440804798	293708630	626359896	313164200
3	6.0500000000000016	57	91475483	-0.45436363915602368	298499722	637545344	318755968
3	6.0500000000000016	58	91495984	-0.45446546872456867	303288218	648727878	324350650
3	6.0500000000000016	59	91515247	-0.45456114908059436	308078401	659913746	329941998
3	6.0500000000000016	60	91501154	-0.45449114839235943	312867983	671099446	335533514
4	5.5000000000000009	1	92884489	-0.46136224766572315	4524246	11187110	5590106
4	5.5000000000000009	2	93970789	-0.46675795813401538	8916474	22371349	11183083
4	5.5000000000000009	3	94846022	-0.47110528747240704	13207101	33556970	16774678
4	5.5000000000000009	4	95549610	-0.47460004687309265	17415796	44742655	22366209
4	5.5000000000000009	5	96147218	-0.47756839791933697	21561518	55928942	27957138
4	5.5000000000000009	6	96652477	-0.48007804652055103	25654633	67115297	33547999
4	5.5000000000000009	7	97073511	-0.48216934502124786	29706513	78306036	39134476
4	5.5000000000000009	8	97449299	-0.48403590420881909	33715998	89492049	44725679
4	5.5000000000000009	9	97728613	-0.48542327185471851	37695595	100677578	50317366
4	5.5000000000000009	10	97983132	-0.48668748140335083	41649602	111860763	55911397
4	5.5000000000000009	11	98159702	-0.48756451408068341	45583897	123043173	61506203
4	5.5000000000000009	12	98338819	-0.48845419784386951	49503793	134229603	67096989
4	5.5000000000000009	13	98485466	-0.48918260137240094	53408895	145414718	72689090
4	5.5000000000000009	14	98613711	-0.48981960117816925	57301241	156597725	78283299
4	5.5000000000000009	15	98723720	-0.49036602179209393	61182807	167785138	83873102
4	5.5000000000000009	16	98798506	-0.49073748787244159	65054467	178972957	89462499
4	5.5000000000000009	17	98860006	-0.49104296167691547	68921477	190159861	95052811
4	5.5000000000000009	18	98950354	-0.49149172504742938	72784215	201343864	100646024
4	5.5000000000000009	19	99007107	-0.49177362024784088	76637176	212530059	106237045
4	5.5000000000000009	20	99084495	-0.49215801060199738	80488599	223716690	111827630
4	5.5000000000000009	21	99127459	-0.49237141509850818	84331802	234902283	117419253
4	5.5000000000000009	22	99168912	-0.49257731437683105	88171244	246085537	123013215
4	5.5000000000000009	23	99210828	-0.49278551340103149	92006210	257270646	128605322
4	5.5000000000000009	24	99244457	-0.49295255045096081	95839248	268454078	134199106
4	5.5000000000000009	25	99285902	-0.49315840999285382	99664686	279640152	139790248
4	5.5000000000000009	26	99310713	-0.49328164756298065	103490301	290822917	145384699
4	5.5000000000000009	27	99324836	-0.49335179726282757	107313858	302008260	150976572
4	5.5000000000000009	28	99346277	-0.49345829586188	111134627	313193103	156568945
4	5.5000000000000009	29	99386989	-0.49366051455338794	114949888	324370645	162168619
4	5.5000000000000009	30	99396362	-0.49370707074801129	118766264	335555103	167761377
4	5.5000000000000009	31	99430686	-0.49387755990028381	122576021	346736696	173357000
4	5.5000000000000009	32	99454411	-0.49399540325005847	126386791	357920456	178950456
4	5.5000000000000009	33	99465749	-0.49405171970526379	130197146	369108045	184540083
4	5.5000000000000009	34	99485132	-0.49414799610773724	134005924	380294175	190131169
4	5.5000000000000009	35	99500895	-0.49422629177570343	137814814	391476848	195725712
4	5.5000000000000009	36	99524309	-0.4943425903717677	141620263	402659059	201320717
4	5.5000000000000009	37	99547282	-0.49445669849713642	145423378	413847991	206909001
4	5.5000000000000009	38	99563583	-0.49453766644001007	149226304	425032058	212502150
4	5.5000000000000009	39	99570456	-0.49457180500030518	153027127	436218279	218093145
4	5.5000000000000009	40	99568098	-0.49456009268760681	156827514	447408185	223680455
4	5.5000000000000009	41	99599768	-0.49471739927927655	160624401	458592598	229273258
4	5.5000000000000009	42	99640542	-0.49491992592811584	164419067	469778828	234864244
4	5.5000000000000009	43	99652247	-0.49497806529204053	168209622	480965233	240455055
4	5.5000000000000009	44	99667938	-0.49505600333213806	172003706	492149617	246047887
4	5.5000000000000009	45	99696066	-0.49519571661949158	175792388	503334755	251639965
4	5.5000000000000009	46	99728637	-0.49535749852657318	179577178	514516674	257235262
4	5.5000000000000009	47	99765935	-0.49554275969664258	183360728	525703577	262825575
4	5.5000000000000009	48	99782845	-0.49562675257523853	187141869	536887805	268418563
4	5.5000000000000009	49	99820673	-0.49581464628378552	190922255	548075619	274007965
4	5.5000000000000009	50	99849850	-0.49595957001050311	194697126	559262663	279598137
4	5.5000000000000009	51	99879590	-0.49610729018847149	198471586	570450316	285187700
4	5.5000000000000009	52	99905734	-0.49623714884122211	202240741	581634396	290780836
4	5.5000000000000009	53	99940468	-0.49640967448552448	206007664	592819065	296373383
4	5.5000000000000009	54	99958632	-0.49649989604949951	209776653	604005963	301963701
4	5.5000000000000009	55	99994020	-0.49667567014694214	213540354	615192214	307554666
4	5.5000000000000009	56	100019247	-0.4968009740114212	217300223	626373178	313150918
4	5.5000000000000009	57	100054879	-0.49697796006997425	221057040	637557052	318744260
4	5.5000000000000009	58	100080840	-0.49710690975189209	224809550	648737881	324340647
4	5.5000000000000009	59	100121234	-0.49730754892031354	228561987	659923583	329932161
4	5.5000000000000009	60	100154028	-0.4974704384803772	232309646	671108046	335524914
5	4.9500000000000011	1	101601763	-0.50466141601403558	3501694	11183827	5593389
5	4.9500000000000011	2	102718904	-0.51021031538645423	6886140	22367009	11187423
5	4.9500000000000011	3	103656252	-0.5148661732673645	10183316	33550767	16780881
5	4.9500000000000011	4	104468547	-0.51890088617801666	13407149	44732529	22376335
5	4.9500000000000011	5	105153196	-0.52230157454808557	16567741	55918629	27967451
5	4.9500000000000011	6	105727040	-0.5251518885294596	19680211	67107332	33555964
5	4.9500000000000011	7	106273421	-0.52786579231421149	22748807	78290121	39150391
5	4.9500000000000011	8	106735907	-0.53016298512617743	25775443	89475292	44742436
5	4.9500000000000011	9	107189650	-0.53241675098737085	28765782	100661517	50333427
5	4.9500000000000011	10	107559536	-0.53425399462381995	31722321	111842503	55929657
5	4.9500000000000011	11	107904965	-0.53596975902716315	34652610	123027306	61522070
5	4.9500000000000011	12	108222434	-0.53754664460817969	37556735	134211804	67114788
5	4.9500000000000011	13	108519294	-0.53902116417884827	40439714	145396418	72707390
5	4.9500000000000011	14	108791408	-0.54037276903788245	43302599	156586370	78294654
5	4.9500000000000011	15	109068721	-0.54175019760926568	46142790	167769161	83889079
5	4.9500000000000011	16	109359913	-0.54319656391938531	48962385	178953112	89482344
5	4.9500000000000011	17	109611934	-0.54444836576779687	51759178	190136040	95076632
5	4.9500000000000011	18	109867496	-0.54571775595347083	54540536	201321466	100668422
5	4.9500000000000011	19	110120744	-0.54697565237681067	57303423	212503375	106263729
5	4.9500000000000011	20	110366417	-0.54819592336813605	60052118	223688540	111855780
5	4.9500000000000011	21	110641614	-0.54956284165382385	62781518	234874582	117446954
5	4.9500000000000011	22	110898240	-0.55083751678466797	65488507	246056243	123042509
5	4.9500000000000011	23	111170457	-0.55218963325023651	68180603	257240534	128635434
5	4.9500000000000011	24	111424794	-0.55345293879508972	70856806	268424913	134228271
5	4.9500000000000011	25	111695819	-0.55479913453261054	73515642	279607834	139822566
5	4.9500000000000011	26	111964004	-0.55613122383753455	76155598	290795080	145412536
5	4.9500000000000011	27	112236699	-0.55748571455478668	78778496	301979200	151005632
5	4.9500000000000011	28	112517657	-0.55888124803702033	81386366	313167363	156594685
5	4.9500000000000011	29	112789967	-0.56023382643858588	83973401	324351104	162188160
5	4.9500000000000011	30	113073359	-0.56164144972960151	86540143	335535554	167780926
5	4.9500000000000011	31	113368284	-0.56310635805130005	89089400	346721214	173372482
5	4.9500000000000011	32	113660577	-0.56455819308757782	91623620	357903440	178967472
5	4.9500000000000011	33	113951241	-0.56600193679332733	94137794	369086734	184561394
5	4.9500000000000011	34	114252037	-0.56749600668748224	96639682	380269522	190155822
5	4.9500000000000011	35	114565347	-0.56905223429203033	99117734	391453491	195749069
5	4.9500000000000011	36	114882814	-0.57062910993893945	101579912	402637648	201342128
5	4.9500000000000011	37	115186244	-0.57213626305262244	104022817	413821272	206935720
5	4.9500000000000011	38	115506008	-0.57372454802195227	106448185	425004451	212529757
5	4.9500000000000011	39	115841338	-0.57539015014966333	108856529	436190019	218121405
5	4.9500000000000011	40	116173163	-0.57703834275404609	111247853	447373589	223715051
5	4.9500000000000011	41	116520580	-0.57876398166020715	113618925	458559391	229306465
5	4.9500000000000011	42	116878000	-0.58053930600484216	115970451	469740571	234902501
5	4.9500000000000011	43	117224711	-0.58226143817106879	118305453	480925290	240494998
5	4.9500000000000011	44	117590649	-0.5840790718793869	120619184	492109966	246087538
5	4.9500000000000011	45	117961051	-0.58591887851556146	122913777	503298624	251676096
5	4.9500000000000011	46	118337095	-0.58778670926888787	125189310	514484906	257267030
5	4.9500000000000011	47	118713384	-0.58965575695037842	127446168	525671497	262857655
5	4.9500000000000011	48	119096517	-0.5915587991476059	129683667	536856242	268450126
5	4.9500000000000011	49	119488898	-0.59350777665774024	131904595	548042769	274040815
5	4.9500000000000011	50	119895933	-0.59552954137325287	134105023	559228018	279632782
5	4.9500000000000011	51	120301016	-0.59754161039988196	136283712	570413823	285224193
5	4.9500000000000011	52	120691851	-0.59948290884494781	138444286	581597853	290817379
5	4.9500000000000011	53	121104954	-0.60153481364250183	140584844	592782317	296410131
5	4.9500000000000011	54	121486749	-0.60343120992183685	142704773	603966944	302002720
5	4.9500000000000011	55	121885652	-0.60541258255640662	144807553	615154616	307592264
5	4.9500000000000011	56	122298102	-0.60746124386787415	146887754	626342189	313181907
5	4.9500000000000011	57	122702833	-0.6094715644915899	148946338	637527992	318773320
5	4.9500000000000011	58	123090508	-0.61139716704686486	150986275	648713169	324365359
5	4.9500000000000011	59	123486484	-0.6133640011151632	153004728	659898966	329956778
5	4.9500000000000011	60	123879302	-0.61531514922777808	155002909	671082493	335550467
6	3.8500000000000005	1	126041888	-0.62605683008829749	1726095	11185961	5591255
6	3.8500000000000005	2	127912308	-0.63534730672836304	3347731	22369122	11185310
6	3.8500000000000005	3	129573952	-0.64360078175862634	4884008	33554369	16777279
6	3.8500000000000005	4	131088495	-0.65112359821796417	6347828	44737952	22370912
6	3.8500000000000005	5	132469748	-0.65798435608545935	7746827	55923895	27962185
6	3.8500000000000005	6	133748645	-0.66433670620123542	9087426	67107883	33555413
6	3.8500000000000005	7	134924634	-0.67017790675163269	10378529	78292100	39148412
6	3.8500000000000005	8	136012040	-0.67557911078135169	11624344	89479672	44738056
6	3.8500000000000005	9	137031547	-0.68064305682977044	12827458	100664800	50330144
6	3.8500000000000005	10	138003268	-0.68546964724858606	13988004	111846763	55925397
6	3.8500000000000005	11	138905229	-0.68994973599910736	15111769	123029226	61520150
6	3.8500000000000005	12	139761031	-0.69420055051644647	16203985	134213156	67113436
6	3.8500000000000005	13	140575369	-0.69824541111787164	17264559	145398111	72705697
6	3.8500000000000005	14	141328418	-0.70198584596316016	18296467	156583732	78297292
6	3.8500000000000005	15	142038755	-0.70551412800947821	19300285	167769137	83889103
6	3.8500000000000005	16	142718585	-0.70889088014761603	20281487	178953311	89482145
6	3.8500000000000005	17	143369663	-0.71212481955687201	21236782	190136692	95075980
6	3.8500000000000005	18	143994019	-0.71522602935632074	22169938	201319129	100670759
6	3.8500000000000005	19	144583270	-0.71815287073453271	23082112	212504522	106262582
6	3.8500000000000005	20	145136851	-0.72090253730614984	23974090	223688685	111855635
6	3.8500000000000005	21	145676632	-0.72358365853627526	24848098	234877067	117444469
6	3.8500000000000005	22	146202581	-0.72619607547918952	25705455	246062743	123036009
6	3.8500000000000005	23	146702785	-0.72868061562379205	26547045	257247002	128628966
6	3.8500000000000005	24	147170864	-0.73100558916727698	27371026	268431104	134222080
6	3.8500000000000005	25	147629342	-0.73328287402788794	28179066	279615431	139814969
6	3.8500000000000005	26	148071358	-0.73547839124997461	28975426	290800316	145407300
6	3.8500000000000005	27	148498185	-0.73759846389293671	29756985	301983730	151001102
6	3.8500000000000005	28	148910832	-0.73964810371398926	30525509	313167273	156594775
6	3.8500000000000005	29	149308197	-0.74162183701992035	31284021	324350433	162188831
6	3.8500000000000005	30	149679047	-0.74346386889616645	32030639	335534614	167781866
6	3.8500000000000005	31	150037829	-0.74524595836798346	32765300	346720884	173372812
6	3.8500000000000005	32	150387388	-0.74698223670323693	33490435	357905293	178965619
6	3.8500000000000005	33	150727968	-0.74867391586303711	34206325	369089728	184558400
6	3.8500000000000005	34	151057214	-0.75030929843584693	34912530	380277548	190147796
6	3.8500000000000005	35	151374692	-0.75188622872034705	35607544	391462929	195739631
6	3.8500000000000005	36	151683313	-0.75341916580994928	36294636	402651975	201327801
6	3.8500000000000005	37	151983334	-0.7549093862374624	36973299	413836257	206920735
6	3.8500000000000005	38	152268916	-0.75632788737614953	37644539	425022158	212512050
6	3.8500000000000005	39	152545933	-0.75770384569962823	38309924	436204999	218106425
6	3.8500000000000005	40	152822258	-0.75907636682192481	38965371	447390453	223698187
6	3.8500000000000005	41	153086402	-0.76038838426272071	39615987	458580601	229285255
6	3.8500000000000005	42	153346473	-0.76168017089366913	40257943	469764953	234878119
6	3.8500000000000005	43	153589675	-0.76288816829522454	40894717	480950391	240469897
6	3.8500000000000005	44	153839924	-0.7641311685244242	41523372	492130807	246066697
6	3.8500000000000005	45	154071960	-0.76528370380401611	42146850	503315160	251659560
6	3.8500000000000005	46	154299543	-0.76641412079334259	42763348	514499432	257252504
6	3.8500000000000005	47	154533638	-0.76757688323656714	43373506	525683801	262845351
6	3.8500000000000005	48	154744833	-0.7686259001493454	43979503	536869874	268436494
6	3.8500000000000005	49	154947223	-0.76963118215401971	44577453	548052656	274030928
6	3.8500000000000005	50	155161011	-0.77069307863712311	45171200	559239891	279620909
6	3.8500000000000005	51	155360748	-0.77168518304824829	45760414	570425527	285212489
6	3.8500000000000005	52	155558617	-0.77266800900300348	46344749	581613676	290801556
6	3.8500000000000005	53	155751841	-0.77362776299317682	46923766	592798289	296394159
6	3.8500000000000005	54	155945675	-0.77459054688612616	47496923	603981054	301988610
6	3.8500000000000005	55	156140517	-0.77555833756923676	48064074	615166791	307580089
6	3.8500000000000005	56	156330606	-0.77650251984596252	48627376	626351150	313172946
6	3.8500000000000005	57	156507869	-0.77738299469153083	49185237	637535156	318766156
6	3.8500000000000005	58	156674951	-0.77821289996306098	49740673	648718968	324359560
6	3.8500000000000005	59	156845703	-0.77906103432178497	50291547	659901082	329954662
6	3.8500000000000005	60	157015030	-0.77990209062894189	50836651	671082322	335550638
7	2.7500000000000004	1	157548671	-0.78255271414915717	482272	11184517	5592699
7	2.7500000000000004	2	158048295	-0.78503437340259552	948072	22370619	11183813
7	2.7500000000000004	3	158516964	-0.78736227750778198	1399519	33556791	16774857
7	2.7500000000000004	4	158963444	-0.78957996765772498	1837772	44739536	22369328
7	2.7500000000000004	5	159387442	-0.79168598850568139	2266408	55926402	27959678
7	2.7500000000000004	6	159794442	-0.79370757937431335	2685107	67109695	33553601
7	2.7500000000000004	7	160190183	-0.79567324618498481	3093792	78295201	39145311
7	2.7500000000000004	8	160562031	-0.7975202351808548	3492724	89481287	44736441
7	2.7500000000000004	9	160923599	-0.79931616286436713	3882986	100665064	50329880
7	2.7500000000000004	10	161276171	-0.80106740693251288	4265597	111849692	55922468
7	2.7500000000000004	11	161606995	-0.80271062751611078	4640319	123034235	61515141
7	2.7500000000000004	12	161927174	-0.80430097381273902	5007303	134218617	67107975
7	2.7500000000000004	13	162239323	-0.80585143466790521	5368173	145404154	72699654
7	2.7500000000000004	14	162543173	-0.80736067394415534	5721297	156585987	78295037
7	2.7500000000000004	15	162835613	-0.80881323913733161	6067444	167769356	83888884
7	2.7500000000000004	16	163115260	-0.81020226081212365	6407395	178952822	89482634
7	2.7500000000000004	17	163384874	-0.81154144803682959	6740824	190136124	95076548
7	2.7500000000000004	18	163651665	-0.81286661326885223	7068665	201319966	100669922
7	2.7500000000000004	19	163906989	-0.81413482129573822	7391503	212503425	106263679
7	2.7500000000000004	20	164151351	-0.81534858047962189	7708550	223689592	111854728
7	2.7500000000000004	21	164394206	-0.81655485431353247	8020613	234872530	117449006
7	2.7500000000000004	22	164627770	-0.81771497925122583	8328538	246057419	123041333
7	2.7500000000000004	23	164854061	-0.81883897880713141	8630199	257244843	128631125
7	2.7500000000000004	24	165070633	-0.81991470356782281	8928472	268430545	134222639
7	2.7500000000000004	25	165285548	-0.82098219792048133	9222560	279617602	139812798
7	2.7500000000000004	26	165496967	-0.82203232745329535	9512043	290798740	145408876
7	2.7500000000000004	27	165698568	-0.82303369045257568	9796760	301982025	151002807
7	2.7500000000000004	28	165893695	-0.82400289674599969	10076822	313166847	156595201
7	2.7500000000000004	29	166092521	-0.8249904761711756	10353935	324350383	162188881
7	2.7500000000000004	30	166282110	-0.82593217492103577	10627185	335534155	167782325
7	2.7500000000000004	31	166464644	-0.82683883110682166	10896568	346719606	173374090
7	2.7500000000000004	32	166645299	-0.82773615419864655	11162325	357902698	178968214
7	2.7500000000000004	33	166822586	-0.8286167482535044	11424995	369089097	184559031
7	2.7500000000000004	34	166989673	-0.82944667836030328	11685049	380274400	190150944
7	2.7500000000000004	35	167156486	-0.83027524749437964	11940574	391459566	195742994
7	2.7500000000000004	36	167321796	-0.831096351146698	12192978	402645221	201334555
7	2.7500000000000004	37	167476599	-0.83186526596546173	12441759	413828205	206928787
7	2.7500000000000004	38	167631127	-0.8326328148444494	12688178	425011377	212522831
7	2.7500000000000004	39	167782884	-0.83338660001754761	12931048	436194334	218117090
7	2.7500000000000004	40	167930035	-0.8341175069411596	13171231	447381211	223707429
7	2.7500000000000004	41	168071613	-0.83482073247432709	13409010	458568650	229297206
7	2.7500000000000004	42	168208680	-0.83550155162811279	13644125	469753538	234889534
7	2.7500000000000004	43	168343921	-0.83617330094178521	13877215	480942405	240477883
7	2.7500000000000004	44	168480877	-0.83685356875260675	14108273	492124637	246072867
7	2.7500000000000004	45	168614881	-0.83751917382081353	14335540	503307928	251666792
7	2.7500000000000004	46	168743238	-0.83815672993659973	14560575	514492910	257259026
7	2.7500000000000004	47	168867990	-0.83877637982368469	14783785	525678812	262850340
7	2.7500000000000004	48	168991661	-0.8393906603256861	15004752	536863183	268443185
7	2.7500000000000004	49	169109957	-0.8399782429138819	15222933	548048444	274035140
7	2.7500000000000004	50	169226314	-0.84055619438489282	15438697	559233594	279627206
7	2.7500000000000004	51	169345569	-0.84114854037761688	15652531	570416888	285221128
7	2.7500000000000004	52	169461761	-0.84172567228476203	15864123	581600754	290814478
7	2.7500000000000004	53	169572312	-0.84227478504180908	16072799	592783254	296409194
7	2.7500000000000004	54	169684757	-0.84283330539862311	16280429	603965695	302003969
7	2.7500000000000004	55	169790566	-0.84335886438687646	16485770	615150387	307596493
7	2.7500000000000004	56	169896399	-0.84388454258441925	16690129	626333239	313190857
7	2.7500000000000004	57	169997128	-0.84438486893971765	16891847	637517373	318783939
7	2.7500000000000004	58	170099145	-0.84489159286022186	17092550	648701715	324376813
7	2.7500000000000004	59	170201057	-0.84539779524008429	17291349	659886679	329969065
7	2.7500000000000004	60	170296834	-0.84587352474530542	17488865	671070049	335562911
8	2.2000000000000006	1	170428944	-0.84652972221374512	184239	11184619	5592597
8	2.2000000000000006	2	170556486	-0.84716323018074036	366379	22372174	11182258
8	2.2000000000000006	3	170678757	-0.84777055680751801	545340	33557510	16774138
8	2.2000000000000006	4	170798345	-0.84836455682913459	723108	44743797	22365067
8	2.2000000000000006	5	170917246	-0.84895514448483789	897551	55929324	27956756
8	2.2000000000000006	6	171031286	-0.84952158729235328	1070438	67114420	33548876
8	2.2000000000000006	7	171142080	-0.85007190704345703	1241126	78299958	39140554
8	2.2000000000000006	8	171249317	-0.85060455898443854	1409426	89484900	44732828
8	2.2000000000000006	9	171352942	-0.85111926992734277	1575741	100671721	50323223
8	2.2000000000000006	10	171457990	-0.85164104898770654	1740497	111857150	55915010
8	2.2000000000000006	11	171558307	-0.85213932891686761	1904720	123039235	61510141
8	2.2000000000000006	12	171657024	-0.85262966156005859	2066614	134225472	67101120
8	2.2000000000000006	13	171754119	-0.85311193764209747	2226929	145409365	72694443
8	2.2000000000000006	14	171850835	-0.85359233121077216	2386810	156592346	78288678
8	2.2000000000000006	15	171945016	-0.85406013329823816	2544354	167779553	83878687
8	2.2000000000000006	16	172036924	-0.85451664527257287	2700390	178965332	89470124
8	2.2000000000000006	17	172127729	-0.85496767858664191	2855036	190152982	95059690
8	2.2000000000000006	18	172216168	-0.85540695985158288	3007828	201333236	100656652
8	2.2000000000000006	19	172303489	-0.85584068795045221	3159679	212517524	106249580
8	2.2000000000000006	20	172389328	-0.85626705487569177	3310290	223706788	111837532
8	2.2000000000000006	21	172474088	-0.8566880623499552	3458925	234886424	117435112
8	2.2000000000000006	22	172557350	-0.85710162917772925	3606098	246070157	123028595
8	2.2000000000000006	23	172640908	-0.85751666625340783	3752147	257254808	128621160
8	2.2000000000000006	24	172718052	-0.85789984464645386	3897067	268436676	134216508
8	2.2000000000000006	25	172795848	-0.85828626155853271	4041521	279619830	139810570
8	2.2000000000000006	26	172870518	-0.85865715146064758	4183988	290804465	145403151
8	2.2000000000000006	27	172944690	-0.85902556777000427	4325543	301987458	150997374
8	2.2000000000000006	28	173020630	-0.85940276583035791	4466224	313174818	156587230
8	2.2000000000000006	29	173094320	-0.85976878801981604	4606402	324360355	162178909
8	2.2000000000000006	30	173165584	-0.86012276013692224	4745362	335544059	167772421
8	2.2000000000000006	31	173233752	-0.86046135425567627	4882536	346728341	173365355
8	2.2000000000000006	32	173303464	-0.86080761750539148	5018936	357913759	178957153
8	2.2000000000000006	33	173372252	-0.86114929119745887	5154016	369098452	184549676
8	2.2000000000000006	34	173440956	-0.86149054765701294	5287876	380285938	190139406
8	2.2000000000000006	35	173506402	-0.86181562145551049	5420411	391468354	195734206
8	2.2000000000000006	36	173573018	-0.86214650670687354	5552576	402655679	201324097
8	2.2000000000000006	37	173636951	-0.86246406535307563	5683486	413843228	206913764
8	2.2000000000000006	38	173701618	-0.86278526981671655	5813351	425026334	212507874
8	2.2000000000000006	39	173763777	-0.8630940169095993	5942393	436211487	218099937
8	2.2000000000000006	40	173827573	-0.86341089506944024	6070146	447398243	223690397
8	2.2000000000000006	41	173889343	-0.86371770997842157	6197693	458583387	229282469
8	2.2000000000000006	42	173949498	-0.86401650309562683	6323407	469767151	234875921
8	2.2000000000000006	43	174010797	-0.86432097852230072	6448694	480951858	240468430
8	2.2000000000000006	44	174067319	-0.86460172633330024	6573165	492136422	246061082
8	2.2000000000000006	45	174125635	-0.86489138503869378	6696706	503319134	251655586
8	2.2000000000000006	46	174184551	-0.86518402397632599	6818942	514503431	257248505
8	2.2000000000000006	47	174241312	-0.86546595891316735	6940451	525689718	262839434
8	2.2000000000000006	48	174295542	-0.86573532223701477	7061885	536872559	268433809
8	2.2000000000000006	49	174352131	-0.86601640284061432	7181932	548057726	274025858
8	2.2000000000000006	50	174406620	-0.86628705263137817	7301357	559241198	279619602
8	2.2000000000000006	51	174460873	-0.86655653019746148	7419264	570423810	285214206
8	2.2000000000000006	52	174513833	-0.86681958536307013	7536941	581607670	290807562
8	2.2000000000000006	53	174564876	-0.86707311868667603	7653399	592792580	296399868
8	2.2000000000000006	54	174617924	-0.86733661095301307	7769343	603976693	301992971
8	2.2000000000000006	55	174669100	-0.86759080489476526	7884868	615165429	307581451
8	2.2000000000000006	56	174718143	-0.86783440411090851	7999229	626350542	313173554
8	2.2000000000000006	57	174769137	-0.86808769404888153	8113036	637536138	318765174
8	2.2000000000000006	58	174817625	-0.86832853655020392	8225394	648723625	324354903
8	2.2000000000000006	59	174864907	-0.8685633887847265	8337450	659911494	329944250
8	2.2000000000000006	60	174911248	-0.86879356702168786	8449335	671097483	335535477
